{
    "id": 1,
    "firstName": "Robert",
    "middleName": "j",
    "lastName": "Green",
    "type": 0,
    "employeedId": 1,
    "cost": 500,
    "discount": 50,
    "dependants": [
        {
            "id": 1,
            "firstName": "Robert",
            "middleName": "j",
            "lastName": "Green",
            "type": 0,
            "employeedId": 1,
            "cost": 500,
            "discount": 50
        },
        {
            "id": 2,
            "firstName": "Roberta",
            "middleName": "j",
            "lastName": "Green",
            "type": 0,
            "employeedId": 1,
            "cost": 500,
            "discount": 50
        },
        {
            "id": 3,
            "firstName": "Robertc",
            "middleName": "j",
            "lastName": "Green",
            "type": 0,
            "employeedId": 1,
            "cost": 500,
            "discount": 50
        }
    ]
}